;nom_table_boamp;lien_telechargement_datagouv_2023
0;A_00_Panorama;https://www.data.gouv.fr/fr/datasets/r/b409c71a-6919-4517-b165-3412ff55b50e
1;B_01_Annonces_anterieures;https://www.data.gouv.fr/fr/datasets/r/cd44f3ba-62be-4864-b3d5-39983f075f9c
2;D_01_Identite;https://www.data.gouv.fr/fr/datasets/r/b26bc9f1-0633-4d02-82f7-501835c4ddf1
3;D_02_Type_organisme;https://www.data.gouv.fr/fr/datasets/r/b915098d-00cc-47e4-98f6-21af512534b1
4;D_03_Type_pouvoir_adjudicateur;https://www.data.gouv.fr/fr/datasets/r/77db6d60-a195-4fc3-a700-b508f31cc95e
5;D_04_Activite_principale;https://www.data.gouv.fr/fr/datasets/r/7361182d-ccf5-4499-b1d9-c86afc7eeb70
6;D_05_Objet T1 2023;https://www.data.gouv.fr/fr/datasets/r/529fc127-dae7-4557-a043-b4ee1e1d13c2
7;D_05_Objet T2 2023;https://www.data.gouv.fr/fr/datasets/r/14c1c7fc-6f40-4027-ba8c-0d6c7d149248
8;D_06_Procedure;https://www.data.gouv.fr/fr/datasets/r/040e9f01-fc83-47b7-a72c-fa123792e9ab
9;D_07_Publication_anterieure;https://www.data.gouv.fr/fr/datasets/r/1d5f1e1d-6458-4606-a0a4-581182370703
10;D_08_Attribution;https://www.data.gouv.fr/fr/datasets/r/eb9f62fb-4645-4330-b1db-9ecf076a9f55
11;D_09_Rectif;https://www.data.gouv.fr/fr/datasets/r/7143d176-136e-4ada-a631-ad01ec337dcd
12;D_10_Annulation;https://www.data.gouv.fr/fr/datasets/r/f209ded3-d7a4-4f90-87ab-5d7097e65bf2
13;D_11_Condition_delai;https://www.data.gouv.fr/fr/datasets/r/64c28578-aa29-4d8d-a33c-5b1993840d88
14;D_12_Condition_relative_marche;https://www.data.gouv.fr/fr/datasets/r/9ad613d7-5fda-4342-bf99-b93533adb2e3
15;D_13_Condition_participation;https://www.data.gouv.fr/fr/datasets/r/b91488dc-cd51-4984-9716-251576771f09
16;D_14_Condition_participation_systme_qualif;https://www.data.gouv.fr/fr/datasets/r/573164ce-e230-4ad6-9b4c-cc53f0de3953
17;D_15_Condition_administrative;https://www.data.gouv.fr/fr/datasets/r/08f1fc35-6ac9-4bc8-a5aa-910191ab970b
18;D_16_Renseignements_complementaires;https://www.data.gouv.fr/fr/datasets/r/4c2746ad-a07a-48e9-8151-293ebb798f79
19;D_17_Modif;https://www.data.gouv.fr/fr/datasets/r/7ad32935-d782-4da7-a714-a19c447a81bd
20;D_18_Annexed1;https://www.data.gouv.fr/fr/datasets/r/c7b7564d-5f07-4885-a75b-46d34df7ae7d
21;D_19_Annexed2;https://www.data.gouv.fr/fr/datasets/r/4771831c-9cf8-4348-b847-042bcfd22774
22;D_20_Annexed3;https://www.data.gouv.fr/fr/datasets/r/74ef74f9-b73d-41cf-81ee-b73a08823616
23;D_21_Annexed4;https://www.data.gouv.fr/fr/datasets/r/f2e2048d-4aea-4501-8db2-ced4f85467e9
24;G_01_Reference;https://www.data.gouv.fr/fr/datasets/r/7af73fca-8b95-4233-9a9c-56df671e57cc
25;G_02_Marche;https://www.data.gouv.fr/fr/datasets/r/9aea47d2-a2ad-4630-a2ff-7e3ee4b0333b
26;G_03_Nomhtml;None
27;G_04_Indexation;https://www.data.gouv.fr/fr/datasets/r/d824e366-5ad6-49c3-826f-95ffbfcdba6a
